{
  "dense_paired": {
    "oracle (out = T*(x_a))": {
      "rho_mean": 0.9956671406992328,
      "rho_lo": 0.9713793385106935,
      "rho_hi": 0.9999999999999928,
      "R_mean": 1.1600969841013555,
      "n_triples": 336
    },
    "random clip from cell": {
      "rho_mean": -0.00024130818237476321,
      "rho_lo": -0.08697930456385092,
      "rho_hi": 0.13823454498982393,
      "R_mean": 19.597736197703494,
      "n_triples": 336
    },
    "random Gaussian noise": {
      "rho_mean": -0.0009190183113092951,
      "rho_lo": -0.1224727409953075,
      "rho_hi": 0.1286030966096212,
      "R_mean": 25.69811516007373,
      "n_triples": 336
    }
  }
}